"","matchID","LeagueColor","League","Date","Finished","Home","Away","FTHG","FTAG","HTHG","HTAG","H.Card","A.Card","HT.matchID","HT.graph1","HT.graph2"
"1","1308210214","#660033","USA MLS","2011/06/26 08:00","4","Philadelphia Union","CD Chivas USA","3","2","0","1","0","0","127139","1","0"
"2","1307935029","#009933","BRA D2","2011/06/26 08:00","4","ASA/AL","Vila Nova/GO","1","0","0","0","0","1","0","1","0"
"3","1308210563","#004d00","BRA D1","2011/06/26 08:00","4","Cruzeiro","Coritiba","2","1","0","0","0","0","128642","1","0"
"4","1308210456","#660033","USA MLS","2011/06/26 08:30","4","FC Dallas","Portland Timbers","4","0","2","0","0","0","127141","1","0"
"5","1308210427","#660033","USA MLS","2011/06/26 08:30","4","Sporting Kansas City","Vancouver Whitecaps","2","1","2","1","0","0","127142","1","0"
"6","1308812756","#57A87B","CNCF GC","2011/06/26 09:00","4","USA","Mexico","2","4","2","2","0","0","133076","1","2"
"7","1308210478","#660033","USA MLS","2011/06/26 09:00","4","Real Salt Lake","Toronto FC","3","1","2","0","0","0","127143","1","0"
"8","1307934909","#33C56C","JAP WD2","2011/06/26 10:00","4","Norddea Hokkaido Women","Nagano Parceiro Women","1","2","0","1","0","0","0","1","0"
"9","1307934801","#33C56C","JAP WD2","2011/06/26 10:30","4","Takatsuki Women","Shizuoka Sangyo Women","5","1","1","0","0","0","0","1","0"
"10","1308278341","#585052","FOX Cup","2011/06/26 11:00","4","Melbourne Knights U21","South Melbourne U21","0","0","0","0","0","0","0","0","0"
"11","1308278361","#585052","FOX Cup","2011/06/26 11:00","4","St Albans Saints U21","Bentleigh Greens U21","2","1","0","0","0","0","0","0","0"
"12","1307934828","#33C56C","JAP WD2","2011/06/26 11:00","4","Asahina Women","Aguilas Kobe Women","2","0","2","0","0","0","0","0","0"
"13","1308278167","#66FF66","JAP FL","2011/06/26 11:00","4","Parceiro Nagano","MIO Biwako Shiga","4","1","1","1","0","0","0","1","0"
"14","1308019109","#66FF66","JAP FL","2011/06/26 12:00","4","Kamatamare Sanuki","Honda","0","1","0","0","0","0","0","0","0"
"15","1308019093","#66FF66","JAP FL","2011/06/26 12:00","4","Arte Takasaki","V-Varen Nagasaki","0","1","0","0","0","0","0","1","0"
"16","1308019073","#66FF66","JAP FL","2011/06/26 12:00","4","JEF Ichihara Chiba Rizabuzu","Sagawa Printing Kyoto","2","3","2","0","0","0","0","0","0"
"17","1308019051","#66FF66","JAP FL","2011/06/26 12:00","4","Tochigi UVA","Matsumoto Yamaga","1","2","1","0","1","0","0","1","0"
"18","1308019038","#66FF66","JAP FL","2011/06/26 12:00","4","Honda Lock","Zwiegen Kanazawa","1","1","1","0","0","0","0","1","0"
"19","1307947581","#23A87D","AUS QSL","2011/06/26 12:00","4","Queensland Academy Of Sport","Capricorn Cougars","6","0","2","0","0","0","0","0","0"
"20","1307947562","#23A87D","AUS QSL","2011/06/26 12:00","4","Sunshine Coast","Far North QLD Bulls","2","3","0","0","0","0","0","0","0"
"21","1308200836","#33cc33","JAP D2","2011/06/26 13:00","4","Consadole Sapporo","Kataller Toyama","0","0","0","0","0","0","126906","1","0"
"22","1308276570","#36D685","AUS VD1","2011/06/26 13:00","4","Western Suburbs","Altona Magic","1","2","1","1","0","0","0","0","0"
"23","1308276493","#36D685","AUS VD1","2011/06/26 13:00","4","Moreland Zebras","Fawkner Blues","1","0","0","0","0","0","0","0","0"
"24","1308276521","#36D685","AUS VD1","2011/06/26 13:00","4","Preston Lions","Sunshine Georgies","0","3","0","2","0","0","0","0","0"
"25","1307947687","#00B55A","AUS VPL","2011/06/26 13:00","4","Melbourne Knights","South Melbourne","1","0","1","0","0","0","0","1","0"
"26","1307947671","#00B55A","AUS VPL","2011/06/26 13:00","4","St Albans Saints","Bentleigh Greens","0","2","0","1","0","0","0","1","0"
"27","1307947226","#005E5E","AUS NSWP","2011/06/26 13:00","4","Blacktown City Demons","PCYC Parramatta Eagles","0","1","0","0","1","0","0","1","0"
"28","1307947194","#005E5E","AUS NSWP","2011/06/26 13:00","4","South Coast Wolves","APIA Leichhardt Tigers","2","1","0","1","0","0","0","0","0"
"29","1307947084","#4DC44D","AUS CTP","2011/06/26 13:00","4","Goulburn Strikers","Cooma Tigers","1","5","1","1","0","0","0","0","0"
"30","1307947099","#4DC44D","AUS CTP","2011/06/26 13:00","4","Tuggeranong United","Monaro Panthers","0","0","0","0","0","0","0","0","0"
"31","1308020000","#1ba578","AUS WVPL","2011/06/26 13:00","4","VCL Country Women","Altona City Women","0","1","0","1","0","0","0","1","0"
"32","1307947390","#007B3E","AUS BPL","2011/06/26 13:00","4","University Queensland","Eastern Suburbs","2","3","1","1","0","0","0","1","0"
"33","1307947240","#005E5E","AUS NSWP","2011/06/26 14:00","4","Manly United","Marconi Stallions","3","1","1","1","0","0","0","1","0"
"34","1309048053","#FF2F2F","KOR NC","2011/06/26 15:00","4","Daejeon Korail","Yongin City","0","0","0","0","0","0","0","1","0"
"35","1309048026","#FF2F2F","KOR NC","2011/06/26 15:00","4","Mokpo City","Changwon City","1","2","1","1","0","0","0","1","0"
"36","1307947802","#10657A","AUS FWP","2011/06/26 15:00","4","Floreat Athena","Balcatta","0","1","0","1","0","0","0","1","0"
"37","1307947412","#007B3E","AUS BPL","2011/06/26 15:00","4","Brisbane Olympic","Mount Gravatt Hawks SC","5","0","2","0","0","0","0","1","0"
"38","1308200868","#6699ff","CHN PR","2011/06/26 15:30","4","Shenzhen Yuheng","Henan Jianye","2","1","0","0","0","0","0","0","2"
"39","1308200854","#6699ff","CHN PR","2011/06/26 15:30","4","Qingdao Zhong Neng","Changchun Yatai","0","1","0","0","0","0","0","0","0"
"40","1309048356","#FF2F2F","KOR NC","2011/06/26 17:00","4","Ansan Police","Cheonan City","1","0","0","0","0","0","0","1","0"
"41","1309048384","#FF2F2F","KOR NC","2011/06/26 17:00","4","Gangneung City","Uisan Mipo","2","2","2","1","0","0","0","1","0"
"42","1307951960","#5454DF","THA D1","2011/06/26 17:00","4","Rangsit University JW","PTT Rayong","0","1","0","1","0","0","0","1","0"
"43","1308200933","#33cc33","JAP D2","2011/06/26 17:00","4","Oita Trinita","Gainare Tottori","2","1","0","0","0","0","126909","1","0"
"44","1308200920","#33cc33","JAP D2","2011/06/26 17:00","4","Giravanz Kitakyushu","Thespa Kusatsu Gunma","2","1","1","0","0","0","126908","1","0"
"45","1308200907","#33cc33","JAP D2","2011/06/26 17:00","4","Kyoto Purple Sanga","Yokohama","1","1","0","0","0","0","126907","1","0"
"46","1308200891","#009900","JAP D1","2011/06/26 17:00","4","Gamba Osaka","Hiroshima Sanfrecce","5","3","2","1","0","0","126373","1","0"
"47","1308278568","#000000","Playoff","2011/06/26 17:00","4","Carl Zeiss Jena U19","VFB Oldenburg U19","1","2","0","1","0","0","0","0","0"
"48","1307948151","#8F8F56","BLR D1","2011/06/26 17:00","4","FC Belkard Grodno","Volna Pinsk","4","3","1","1","0","0","0","1","0"
"49","1308200953","#009900","JAP D1","2011/06/26 17:30","4","Shimizu S-Pulse","Vegalta Sendai","1","0","0","0","0","0","126374","1","2"
"50","1309049403","#00A8A8","Friendly","2011/06/26 18:00","4","Singapore U15","Juventus U15","4","0","1","0","0","1","0","1","0"
"51","1307943231","#669999","SWE D2SS","2011/06/26 18:00","4","Visby IF Gute","Enskede IK","2","2","2","1","0","0","0","0","0"
"52","1308200998","#33cc33","JAP D2","2011/06/26 18:00","4","JEF United Ichihara","Tochigi SC","2","2","2","2","0","0","126910","1","0"
"53","1308200982","#009900","JAP D1","2011/06/26 18:00","4","Omiya Ardija","Vissel Kobe","1","1","0","0","0","0","126376","1","0"
"54","1308200969","#009900","JAP D1","2011/06/26 18:00","4","Montedio Yamagata","Yokohama Marinos","0","2","0","1","0","0","126375","1","0"
"55","1308201014","#F75000","KOR D1","2011/06/26 18:00","4","Chunnam Dragons","Ganwon FC","1","0","1","0","0","0","127852","1","0"
"56","1308983828","#000000","Playoff","2011/06/26 18:00","4","CD Tudelano","San Sebastian Reyes","0","1","0","0","0","0","0","0","0"
"57","1308983766","#000000","Playoff","2011/06/26 18:00","4","Alcobendas Sport","Arandina","1","2","0","1","1","0","0","1","0"
"58","1307949985","#9DBA63","EST D3","2011/06/26 18:00","4","Sillamae Kalev II","Kaitseliit Kalev","5","0","0","0","0","0","0","0","0"
"59","1308201368","#5F5FAF","RUS PR","2011/06/26 18:15","4","Tomsk","Volga Nizhny Novgorod","0","3","0","2","0","0","127054","1","0"
"60","1308897401","#5454DF","THA LC","2011/06/26 19:00","4","Songkhla United","Chainat Hornbill","0","0","0","0","0","0","0","1","0"
"61","1308201037","#6699ff","CHN PR","2011/06/26 19:00","4","Dalian Shide","Shanghai Shenhua","1","2","1","2","0","0","128314","0","0"
"62","1307951931","#2F2FFF","THA PL","2011/06/26 19:00","4","Muang Thong United","Sisaket","1","0","0","0","0","0","0","1","0"
"63","1307950548","#1C5D9D","KAZ D2","2011/06/26 19:00","4","FK Astana-64","Spartak Semey","2","4","1","1","0","0","0","1","0"
"64","1308018642","#9595FF","DEN U17","2011/06/26 19:00","4","AB Kobenhavn U17","Haderslev U17","2","1","0","0","0","0","0","0","0"
"65","1308201050","#6699ff","CHN PR","2011/06/26 19:30","4","Hangzhou Lucheng","Chengdu Tiancheng","1","1","1","1","0","0","0","0","0"
"66","1308201075","#6699ff","CHN PR","2011/06/26 19:30","4","Shanghai Shenxin","Guizhou Renhe","2","3","1","1","0","0","128315","0","0"
"67","1308201088","#6699ff","CHN PR","2011/06/26 19:30","4","Beijing Guoan","Tianjin Teda","1","1","0","1","0","0","128316","0","0"
"68","1308201110","#6699ff","CHN PR","2011/06/26 19:30","4","Liaoning Hongyun","Shandong Luneng","0","1","0","0","0","0","128318","0","0"
"69","1307950525","#1C5D9D","KAZ D2","2011/06/26 19:30","4","Bulat Temirtau","Ekibastuz","1","2","1","1","1","1","0","1","0"
"70","1308201123","#6699ff","CHN PR","2011/06/26 20:00","4","Guangzhou Hengda","Jiangsu Shuntian","2","1","1","0","0","0","128313","0","2"
"71","1308897553","#00A8A8","Friendly","2011/06/26 20:00","4","Wehen","Paderborn","0","2","0","2","0","0","0","0","0"
"72","1308106984","#0099FF","SWE WD2","2011/06/26 20:00","4","Gideonsbergs Women","Bollstanas Women","2","3","1","2","1","0","0","1","0"
"73","1307951519","#8C8C8C","NOR D2A4","2011/06/26 20:00","4","Tonsberg","Mjolner","1","1","0","0","0","0","0","1","0"
"74","1308201143","#666666","NOR PR","2011/06/26 20:00","4","Sogndal","Fredrikstad","0","1","0","1","0","0","125348","1","0"
"75","1307950686","#1C5D9D","KAZ D2","2011/06/26 20:00","4","Kyran Shymkent","Caspiy Aktau","1","2","0","0","0","0","0","1","0"
"76","1307950491","#1C5D9D","KAZ D2","2011/06/26 20:00","4","Aq-Bulaq Talgar","Okzhetpes","2","2","0","0","0","0","0","1","0"
"77","1307950620","#1C5D9D","KAZ D2","2011/06/26 20:00","4","Lashyn Taraz","Ili-Saulet Iliyskiy","0","2","0","1","0","0","0","1","0"
"78","1307950642","#1C5D9D","KAZ D2","2011/06/26 20:00","4","Sunkar Qaskeleng","Kyzylzhar Petropavlovsk","3","0","2","0","0","0","0","1","0"
"79","1308201432","#5F5FAF","RUS PR","2011/06/26 20:30","4","Amkar Perm","CSKA Moscow","0","2","0","1","0","0","127258","1","0"
"80","1309049431","#00A8A8","Friendly","2011/06/26 20:45","4","Singapore U16","Flamengo RJ U15","0","0","0","0","0","0","0","1","0"
"81","1307951290","#fc9b0a","MAS SL","2011/06/26 20:45","4","Pahang","Harimau Muda A","0","2","0","1","0","0","0","1","0"
"82","1308201324","#660000","FIFA WC","2011/06/26 21:00","4","Nigeria Women","France Women","0","1","0","0","0","0","124452","1","2"
"83","1308898331","#00A8A8","Friendly","2011/06/26 21:00","4","Braunschweig","Rot-Weiss Erfurt","4","0","2","0","0","0","0","1","0"
"84","1308898138","#00A8A8","Friendly","2011/06/26 21:00","4","Preusen Munster","Bochum","0","4","0","1","0","0","0","1","0"
"85","1308898043","#00A8A8","Friendly","2011/06/26 21:00","4","Hansa Rostock","Flota Swinoujscie","2","1","1","0","0","1","0","1","0"
"86","1308194696","#99CC0","SCO WD1","2011/06/26 21:00","4","Spartans Women","Celtic Women","6","4","0","0","0","0","0","0","0"
"87","1308194708","#99CC0","SCO WD1","2011/06/26 21:00","4","Falkirk Women","Kilmarnock Women","3","0","0","0","0","0","0","0","0"
"88","1308194761","#99CC0","SCO WD1","2011/06/26 21:00","4","Inverness Women","Forfar Farmington Women","0","2","0","0","0","0","0","0","0"
"89","1308194726","#99CC0","SCO WD1","2011/06/26 21:00","4","Hutchison Vale Women","Glasgow Rangers Women","1","3","0","0","0","0","0","0","0"
"90","1309050820","#5177FF","SWE U19","2011/06/26 21:00","4","GIF Sundsvall U19","IK Brage U19","6","3","2","3","0","0","0","1","0"
"91","1308107005","#0099FF","SWE WD2","2011/06/26 21:00","4","IFK Gavle Women","Vasalund Essinge Women","0","1","0","0","0","0","0","0","0"
"92","1307951538","#8C8C8C","NOR D2A4","2011/06/26 21:00","4","Skeid Oslo","Harstad","2","2","2","0","0","0","0","1","0"
"93","1308898972","#99FF66","NGA D1","2011/06/26 21:00","4","Lobi Stars","Heartland","3","0","0","0","0","0","0","0","0"
"94","1307951084","#7D7D00","LAT D2","2011/06/26 21:00","4","FK 1625 Liepaja","FK Jelgava B","1","1","1","0","0","0","0","0","0"
"95","1307951055","#7D7D00","LAT D2","2011/06/26 21:00","4","Rezekne/BJSS","FK Auda Riga","2","0","2","0","0","0","0","0","0"
"96","1307950356","#1C5D9D","KAZ D2","2011/06/26 21:00","4","Aktobe-Zhas","CSKA Almaty","2","1","1","1","0","0","0","1","0"
"97","1308018551","#5353FF","DEN U19","2011/06/26 21:00","4","AB Kobenhavn U19","Viborg U19","0","1","0","1","1","0","0","1","0"
"98","1308364092","#FAA67D","PAR D2","2011/06/26 21:00","4","Atletico Colegiales","General Diaz","0","4","0","0","0","0","0","0","0"
"99","1307948168","#8F8F56","BLR D1","2011/06/26 21:00","4","FK Gorodeya","Klechesk Kletsk","3","0","1","0","0","0","0","1","0"
"100","1309049937","#00A8A8","Friendly","2011/06/26 21:10","4","Tavriya Simferopol","Vorskla","0","0","0","0","0","0","0","1","0"
"101","1307944013","#999999","NOR D1","2011/06/26 21:30","4","Ranheim","Sandefjord","2","1","1","0","0","0","0","1","0"
"102","1308983437","#00A8A8","Friendly","2011/06/26 22:00","4","Universitatea Cluj","Dynamo Dresden","4","4","1","1","0","0","0","1","0"
"103","1309049985","#00A8A8","Friendly","2011/06/26 22:00","4","Drogheda United","Dundee United","1","2","1","1","0","0","0","1","0"
"104","1309090988","#00A8A8","Friendly","2011/06/26 22:00","4","Academia UTM","Sfintul Gheorghe","4","1","2","0","1","0","0","0","0"
"105","1307943559","#6969e0","SWE D1S","2011/06/26 22:00","4","Motala AIF","Varbergs BoIS","1","1","1","0","1","0","0","1","0"
"106","1307943397","#87A6E0","SWE D1N","2011/06/26 22:00","4","IK Frej Taby","Umea","1","1","0","0","0","0","0","1","0"
"107","1307951555","#8C8C8C","NOR D2A4","2011/06/26 22:00","4","Senja","Tromsdalen","2","4","1","4","1","0","0","0","0"
"108","1307951486","#959595","NOR D2A3","2011/06/26 22:00","4","Asane Fotball","Vindbjart","1","0","1","0","1","0","0","1","0"
"109","1307943013","#44A2FE","LIT D1","2011/06/26 22:00","4","FBK Kaunas","Atlantas","4","0","2","0","0","0","0","1","0"
"110","1307942972","#44A2FE","LIT D1","2011/06/26 22:00","4","FK Mazeikiai","Dainava Alytus","2","2","0","0","0","0","0","0","0"
"111","1307950470","#1C5D9D","KAZ D2","2011/06/26 22:00","4","Akzhayik Oral","Cesna Almaty","2","2","2","0","0","0","0","1","0"
"112","1308727226","#000000","Playoff","2011/06/26 22:00","4","Vidima-Rakovski","Sportist Svoge","1","1","0","1","0","0","0","1","0"
"113","1307950086","#117297","FRO D1","2011/06/26 22:00","4","NA7 Vestur","IF Fuglafjordur","1","0","1","0","1","1","0","0","0"
"114","1307950104","#117297","FRO D1","2011/06/26 22:00","4","HB Torshavn","B36 Torshavn","1","3","0","1","0","0","0","0","0"
"115","1307851233","#B0a031","ICE D1","2011/06/26 22:00","4","Trottur Reykjavik","BI/Bolungarvik","2","2","1","2","0","0","0","1","0"
"116","1308033045","#8F8F56","BLR D1","2011/06/26 22:00","4","Slutsksakhar Slutsk","Granit Mikashevichi","1","1","0","0","0","0","0","1","0"
"117","1307953346","#5E705C","ARM D1","2011/06/26 22:00","4","MIKA Ashtarak","Pyunik","0","1","0","1","1","0","0","1","0"
"118","1307953366","#5E705C","ARM D1","2011/06/26 22:00","4","Ararat","Shirak Gjumri","2","1","1","0","0","0","0","1","0"
"119","1308201466","#004488","SWE PR","2011/06/26 22:30","4","GAIS","Malmo","2","0","1","0","0","2","124598","1","0"
"120","1308201500","#004488","SWE PR","2011/06/26 22:30","4","Mjallby AIF","Orebro","2","1","1","0","0","0","124600","1","0"
"121","1307849812","#FF0080","ANG D1","2011/06/26 22:30","4","Petro Atletico Luanda","Kabuscorp","2","3","0","0","0","0","0","0","0"
"122","1309023905","#B75B00","CAF AAG","2011/06/26 22:35","4","DR Congo U23","Cameroon U23","1","0","0","0","0","0","0","0","0"
"123","1308201420","#5F5FAF","RUS PR","2011/06/26 22:45","4","Krylya Sovetov","Spartak Nalchik","0","2","0","2","0","0","127257","1","0"
"124","1308201407","#5F5FAF","RUS PR","2011/06/26 22:45","4","Zenit St Petersburg","Terek Grozni","0","0","0","0","0","0","127057","1","0"
"125","1308201443","#5F5FAF","RUS PR","2011/06/26 22:45","4","Rubin Kazan","Kuban","0","2","0","0","0","0","127259","1","0"
"126","1307943617","#6969e0","SWE D1S","2011/06/26 23:00","4","Trollhattan","Kristianstads FF","2","2","2","0","0","0","0","1","0"
"127","1308899076","#99FF66","NGA D1","2011/06/26 23:00","4","Zamfara United","Warri Wolves","1","0","0","0","0","0","0","0","0"
"128","1308899054","#99FF66","NGA D1","2011/06/26 23:00","4","Sunshine Stars","Kaduna United","4","1","3","0","0","0","0","0","0"
"129","1308898949","#99FF66","NGA D1","2011/06/26 23:00","4","Enyimba","Sharks","1","0","0","0","0","0","0","0","0"
"130","1308899003","#99FF66","NGA D1","2011/06/26 23:00","4","Ocean Boys","Kwara United","1","1","0","0","0","0","0","0","0"
"131","1308899027","#99FF66","NGA D1","2011/06/26 23:00","4","Shooting Stars","Gombe United","1","1","0","0","0","0","0","0","0"
"132","1308900592","#99FF66","NGA D1","2011/06/26 23:00","4","ABS Bukola Babes","Niger Tornadoes","0","1","0","0","0","0","0","0","0"
"133","1307943033","#44A2FE","LIT D1","2011/06/26 23:00","4","Kruoja Pakruojis","Suduva","0","1","0","1","1","0","0","1","0"
"134","1307948100","#8F8F56","BLR D1","2011/06/26 23:00","4","DSK Gomel","FK Rudensk","2","3","0","0","0","0","0","1","0"
"135","1307948117","#8F8F56","BLR D1","2011/06/26 23:00","4","FC Baranovichi","Slavia Mozyr","0","2","0","1","0","0","0","1","0"
"136","1307944725","#666633","TUN D2","2011/06/26 23:30","4","Stade Gabesien","CO Transports","1","0","0","0","0","0","0","0","0"
"137","1307944747","#666633","TUN D2","2011/06/26 23:30","4","AS Djerba","SC Moknine","0","3","0","0","0","0","0","0","0"
"138","1307944886","#666633","TUN D2","2011/06/26 23:30","4","Jendouba Sport","ES Beni-Khalled","1","1","0","0","0","0","0","0","0"
"139","1307944809","#666633","TUN D2","2011/06/26 23:30","4","US Monastir","Olympique du Kef","1","0","0","0","0","0","0","0","0"
"140","1307944863","#666633","TUN D2","2011/06/26 23:30","4","LPTA Tozeur","CS Msaken","3","3","0","0","0","0","0","0","0"
"141","1307944788","#666633","TUN D2","2011/06/26 23:30","4","CS Korba","AS Kasserine","2","0","0","0","0","0","0","0","0"
"142","1307944581","#5B473B","TUN D1","2011/06/26 23:30","4","Olympique Beja","CA Bizertin","3","1","1","1","0","0","0","0","0"
"143","1307944426","#5B473B","TUN D1","2011/06/26 23:30","4","CS Sfaxien","AS Marsa","1","2","1","2","0","0","0","0","0"
"144","1307944493","#5B473B","TUN D1","2011/06/26 23:30","4","Esperance ST","Club Africain","2","1","1","0","1","0","0","0","0"
"145","1308280243","#606633","LAT D1","2011/06/26 23:30","4","Skonto Riga","Daugava Daugavpils","1","1","0","0","0","0","0","1","0"
"146","1308033062","#8F8F56","BLR D1","2011/06/26 23:30","4","Vedrich 97 Rechitsa","Khimik Svetlogorsk","1","0","1","0","0","0","0","1","0"
"147","1308108603","#660000","FIFA WC","2011/06/26 23:59","4","Germany Women","Canada Women","2","1","2","0","0","0","124451","1","2"
"148","1308032748","#BF0060","CHI D2","2011/06/26 23:59","4","San Marcos Arica","Deportes Naval","1","1","0","1","0","0","0","0","0"
"149","1307949644","#BF0060","CHI D2","2011/06/26 23:59","4","Lota Schwager","San Luis De Quillota","4","2","2","0","0","0","0","0","0"
"150","1307949571","#BF0060","CHI D2","2011/06/26 23:59","4","CD Magallanes","Rangers de Talca","1","3","1","2","0","0","0","0","0"
"151","1307949661","#BF0060","CHI D2","2011/06/26 23:59","4","Puerto Montt","Coquimbo Unido","1","1","1","0","0","0","0","0","0"
"152","1307949486","#BF0060","CHI D2","2011/06/26 23:59","4","Antofagasta","Everton VM","1","0","0","0","0","0","0","0","0"
"153","1307949624","#BF0060","CHI D2","2011/06/26 23:59","4","Curico Unido","Deportes Concepcion","4","1","1","0","0","0","0","0","0"
"154","1307946653","#AA00AA","COL Cup","2011/06/26 23:59","4","Centauros","Millonarios","2","1","0","1","1","0","0","0","0"
"155","1309070808","#00A8A8","Friendly","2011/06/26 23:59","4","Metalist","Partizan Beograd","0","1","0","0","0","0","0","1","0"
"156","1308471816","#00A8A8","Friendly","2011/06/26 23:59","4","KVV Zelzate","Lokeren","0","10","0","2","0","0","0","0","0"
"157","1309050980","#00A8A8","Friendly","2011/06/26 23:59","4","Anorthosis","Chernomorets Odessa","1","0","1","0","0","0","0","1","0"
"158","1308897144","#00A8A8","Friendly","2011/06/26 23:59","4","Austria Wien","Shakhtar Donetsk","1","3","0","2","0","0","0","1","0"
"159","1308471707","#00A8A8","Friendly","2011/06/26 23:59","4","VC Rijmenam","KV Mechelen","0","15","0","6","0","0","0","0","0"
"160","1307943657","#6969e0","SWE D1S","2011/06/26 23:59","4","IK Sleipner","Orgryte","5","2","3","1","0","1","0","1","0"
"161","1307943689","#6969e0","SWE D1S","2011/06/26 23:59","4","Skovde AIK","Lunds BK","1","0","1","0","0","0","0","1","0"
"162","1307943516","#87A6E0","SWE D1N","2011/06/26 23:59","4","Syrianska IF Kerbura","Forward Orebro Bk","1","4","1","2","0","0","0","1","0"
"163","1307943474","#87A6E0","SWE D1N","2011/06/26 23:59","4","Karlstad BK","Vasalund Essinge IF","1","1","0","0","0","0","0","1","0"
"164","1307951850","#006699","SWE D1","2011/06/26 23:59","4","Assyriska","Qviding FIF","0","1","0","1","0","0","0","1","0"
"165","1307943895","#999999","NOR D1","2011/06/26 23:59","4","Asker","Randaberg","0","0","0","0","0","0","0","1","0"
"166","1307943970","#999999","NOR D1","2011/06/26 23:59","4","Honefoss","Alta","2","0","0","0","0","1","0","1","0"
"167","1307943916","#999999","NOR D1","2011/06/26 23:59","4","Bodo-Glimt","Mjondalen","1","0","0","0","0","0","0","1","0"
"168","1307944031","#999999","NOR D1","2011/06/26 23:59","4","Strommen","Nybergsund","2","2","2","1","0","0","0","1","0"
"169","1307943991","#999999","NOR D1","2011/06/26 23:59","4","Lov Ham Il","Sandnes","0","3","0","3","0","0","0","1","0"
"170","1307943949","#999999","NOR D1","2011/06/26 23:59","4","Ham-Kam","Hodd Il","2","1","1","0","0","0","0","1","0"
"171","1307943932","#999999","NOR D1","2011/06/26 23:59","4","Bryne","Kongsvinger","0","2","0","1","0","0","0","1","0"
"172","1308201192","#666666","NOR PR","2011/06/26 23:59","4","Start","Valerenga","0","2","0","1","0","0","125352","1","0"
"173","1308201156","#666666","NOR PR","2011/06/26 23:59","4","Stromsgodset","Haugesund Fk","3","1","0","1","0","0","125349","1","0"
"174","1308201168","#666666","NOR PR","2011/06/26 23:59","4","Tromso","Stabaek","3","3","1","3","0","0","125350","1","0"
"175","1308201205","#666666","NOR PR","2011/06/26 23:59","4","Odd BK","Molde","1","0","0","0","0","0","125353","1","0"
"176","1307943796","#606633","LAT D1","2011/06/26 23:59","4","Ventspils","FK Liepaja Metalurgs","0","1","0","1","1","0","0","1","0"
"177","1308983858","#000000","Playoff","2011/06/26 23:59","4","Montanesa","Sestao River","2","2","1","0","0","0","0","0","0"
"178","1308033029","#8F8F56","BLR D1","2011/06/26 23:59","4","Partizan Minsk","SKVICh Minsk","3","2","2","1","0","0","0","1","0"
"179","1309107621","#00A8A8","Friendly","2011/06/27 00:30","4","NK Zagreb","Mura","2","1","0","1","0","0","0","0","0"
"180","1308983955","#000000","Playoff","2011/06/27 00:30","4","Logrones CF","Gimnastica Segoviana","0","3","0","1","0","0","0","0","0"
"181","1309079014","#00A8A8","Friendly","2011/06/27 01:00","4","Illichivets","Nafta Lendava","3","0","2","0","0","0","0","1","0"
"182","1308291280","#004488","SWE PR","2011/06/27 01:00","4","Djurgardens","BK Hacken","1","0","0","0","0","0","124602","1","0"
"183","1308201513","#004488","SWE PR","2011/06/27 01:00","4","Gefle","Goteborg","1","0","1","0","0","0","124601","1","0"
"184","1308449565","#004488","SWE PR","2011/06/27 01:00","4","Trelleborg","AIK Solna","1","2","1","0","0","0","124605","1","0"
"185","1307949078","#006688","CAN D1","2011/06/27 01:00","4","Capital City","York Region Shooters","0","0","0","0","0","1","0","1","0"
"186","1308278786","#000000","Playoff","2011/06/27 01:00","4","CD Lugo","CD Alcoyano","0","1","0","1","0","0","0","0","0"
"187","1308278812","#000000","Playoff","2011/06/27 01:00","4","Mirandes","CD Guadalajara","1","2","1","0","0","1","0","0","0"
"188","1308201346","#5F5FAF","RUS PR","2011/06/27 01:00","4","Dinamo Moscow","Lokomotiv Moscow","4","1","3","0","1","1","127053","1","0"
"189","1308201381","#5F5FAF","RUS PR","2011/06/27 01:00","4","Spartak Moscow","Rostov","3","2","0","0","0","0","127055","1","0"
"190","1308201396","#5F5FAF","RUS PR","2011/06/27 01:00","4","Krasnodar","Anzhi","2","2","0","1","0","0","127056","1","0"
"191","1307936885","#B0B000","ICE PR","2011/06/27 01:00","4","Fylkir","Thor Akureyri","1","1","1","1","0","0","0","1","0"
"192","1308201232","#666666","NOR PR","2011/06/27 02:00","4","Viking","Rosenborg","0","0","0","0","0","0","125355","1","0"
"193","1308550110","#000000","Playoff","2011/06/27 02:00","4","River Plate","Belgrano","1","1","1","0","0","0","130210","1","0"
"194","1308364149","#FAA67D","PAR D2","2011/06/27 02:00","4","Deportivo Santani","Cerro Porteno PF","0","0","0","0","0","0","0","0","0"
"195","1308364194","#FAA67D","PAR D2","2011/06/27 02:00","4","Sportivo Trinidense","River Plate Asuncion","1","1","0","0","0","0","0","0","0"
"196","1308364128","#FAA67D","PAR D2","2011/06/27 02:00","4","Deportivo Caaguazu","Deportivo Capiata","0","2","0","0","0","0","0","0","0"
"197","1308364072","#FAA67D","PAR D2","2011/06/27 02:00","4","12 De Octubre","Fernando de la Mora","1","2","0","0","0","0","0","0","0"
"198","1308201538","#660033","USA MLS","2011/06/27 02:10","4","Chicago Fire","Red Bull New York","1","1","0","1","0","0","127145","1","0"
"199","1309051096","#00A8A8","Friendly","2011/06/27 03:00","4","Alianza Unicachi","Sporting Cristal","1","1","1","1","0","0","0","0","0"
"200","1308983972","#000000","Playoff","2011/06/27 03:00","4","CD San Fernando Isleno","La Roda","0","1","0","1","0","0","0","0","0"
"201","1308201559","#004d00","BRA D1","2011/06/27 03:00","4","Corinthians Paulista","Sao Paulo","5","0","0","0","0","1","128643","1","0"
"202","1308201654","#004d00","BRA D1","2011/06/27 03:00","4","Avai/SC","Fluminense","0","1","0","1","0","1","128648","1","0"
"203","1308201598","#004d00","BRA D1","2011/06/27 03:00","4","Ceara/CE","Palmeiras","2","0","2","0","0","0","128646","1","0"
"204","1308201570","#004d00","BRA D1","2011/06/27 03:00","4","Botafogo","Gremio","2","1","0","0","0","1","128644","1","0"
"205","1307936917","#B0B000","ICE PR","2011/06/27 03:15","4","Grindavik","KR Reykjavik","0","3","0","0","0","0","0","1","0"
"206","1307936935","#B0B000","ICE PR","2011/06/27 03:15","4","Valur","Vikingur","2","1","0","0","1","0","0","1","0"
"207","1308726512","#ED0C3F","CHI Cup","2011/06/27 03:30","4","Union La Calera","Santiago Wanderers","1","0","1","0","0","1","0","1","0"
"208","1308554852","#000000","Playoff","2011/06/27 03:30","4","Barcelona Alusport Futsal","Caja Segovia Futsal","3","2","2","1","0","0","0","0","0"
"209","1308726538","#ED0C3F","CHI Cup","2011/06/27 04:00","4","Cobreloa Calama","Deportes Iquique","0","2","0","1","1","0","0","1","0"
"210","1307936782","#3A5500","FIFA YC","2011/06/27 04:00","4","Burkina Faso U17","Ecuador U17","0","2","0","0","0","0","130039","1","0"
"211","1307936809","#3A5500","FIFA YC","2011/06/27 04:00","4","Panama U17","Germany U17","0","2","0","2","0","1","130040","1","0"
"212","1307946518","#AA00AA","COL Cup","2011/06/27 04:00","4","Aguilas Doradas","Once Caldas","3","0","0","0","0","0","0","1","0"
"213","1308201618","#660033","USA MLS","2011/06/27 04:00","4","Seattle Sounders","New England Revolution","2","1","2","1","0","0","127146","1","0"
"214","1307949109","#006688","CAN D1","2011/06/27 04:00","4","Montreal Impact Academy","TFC Academy","3","1","2","1","0","0","0","1","0"
"215","1308727215","#000000","Playoff","2011/06/27 04:00","4","Independiente Rivadavia","Defensores Belgrano","2","2","2","2","0","0","0","1","0"
"216","1309051229","#00A8A8","Friendly","2011/06/27 04:15","4","Sport Ancash","Real Garcilaso","1","1","1","0","1","1","0","0","0"
"217","1307949133","#006688","CAN D1","2011/06/27 04:30","4","North York Astros","Brampton City United","1","1","0","0","0","0","0","1","0"
"218","1308196504","#D200D2","COL D2","2011/06/27 04:30","4","Deportivo Pasto","Valledupar","1","0","1","0","0","1","0","0","0"
"219","1308964342","#660000","CON CL","2011/06/27 05:00","4","Universitario Deportes U20","Boca Juniors U20","1","1","1","0","0","0","0","1","0"
"220","1308900952","#924949","USA USL","2011/06/27 05:00","4","Antigua Barracuda","Orlando City","1","2","0","2","0","0","0","0","0"
"221","1308201642","#004d00","BRA D1","2011/06/27 05:30","4","Internacional","Figueirense","4","1","2","0","0","0","128647","1","0"
"222","1308201582","#004d00","BRA D1","2011/06/27 05:30","4","Atletico Goianiense","Vasco da Gama","0","1","0","1","0","0","128645","1","0"
"223","1308452238","#006688","CAN D1","2011/06/27 06:00","4","Brantford Galaxy","Mississauga Eagles","2","1","1","0","0","0","0","1","0"
"224","1307952398","#853838","USA NASL","2011/06/27 06:00","4","Edmonton","Montreal Impact","1","0","1","0","0","0","0","1","0"
"225","1308982460","#000000","Playoff","2011/06/27 06:10","4","San Martin SJ","Gimnasia La Plata","1","0","1","0","0","0","133071","1","0"
"226","1307945133","#3A5500","FIFA YC","2011/06/27 07:00","4","Cote D Ivoire U17","Brazil U17","3","3","2","2","0","0","130046","1","0"
"227","1308464656","#0000FF","WNBA","2011/06/26 08:00","4","Chicago Sky","Phoenix Mercury","78","86","40","37","0","0","0","0","0"
"228","1308887887","#ff0000","WORLD","2011/06/26 18:00","4","China M.B","Australia M.B","57","62","26","32","0","0","0","0","0"
"229","1309059792","#FFBC79","AsiaB","2011/06/26 19:00","4","Indonesia M.B","Philippines M.B","50","89","27","46","0","0","0","0","0"
"230","1308640450","#FF6600","EuroB","2011/06/26 21:30","4","Poland W.B","France W.B","54","58","19","24","0","0","0","0","0"
"231","1308640468","#FF6600","EuroB","2011/06/26 23:59","4","Spain W.B","Croatia W.B","71","75","40","38","0","0","0","0","0"
"232","1308640486","#FF6600","EuroB","2011/06/27 02:30","4","Latvia W.B","Montenegro W.B","70","74","36","45","0","0","0","0","0"
"233","1308202014","#0000FF","WNBA","2011/06/27 03:00","4","Atlanta Dream","San Antonio Silver Stars","86","92","41","40","0","0","0","0","2"
"234","1308202029","#0000FF","WNBA","2011/06/27 04:00","4","New York Liberty","Los Angeles Sparks","77","67","41","33","0","0","0","0","0"
"235","1308202046","#0000FF","WNBA","2011/06/27 04:00","4","Washington Mystics","Detroit Shock","83","63","41","35","0","0","0","0","0"
